Rank,Tier,Rnd,Player,Pos,YDS,YPC,RUSH,REC,TD,YPR,REC/TAR Game,Team,Bye,ESPN,Rank-ADP,Link
155,10,13.92,San Francisco 49ers,DST,,,,,,,,DST,9.0,66.0,89.0,https://www.4for4.com/player/san-francisco-49ers
163,10,14.58,Buffalo Bills,DST,,,,,,,,DST,13.0,90.0,73.0,https://www.4for4.com/player/buffalo-bills
165,10,14.75,Dallas Cowboys,DST,,,,,,,,DST,7.0,104.0,61.0,https://www.4for4.com/player/dallas-cowboys
167,11,14.92,Philadelphia Eagles,DST,,,,,,,,DST,10.0,142.0,25.0,https://www.4for4.com/player/philadelphia-eagles
171,11,15.25,New York Jets,DST,,,,,,,,DST,7.0,123.0,48.0,https://www.4for4.com/player/new-york-jets
191,12,16.92,New England Patriots,DST,,,,,,,,DST,11.0,136.0,55.0,https://www.4for4.com/player/new-england-patriots
197,12,17.42,Baltimore Ravens,DST,,,,,,,,DST,13.0,166.0,31.0,https://www.4for4.com/player/baltimore-ravens
199,12,17.67,Denver Broncos,DST,,,,,,,,DST,9.0,205.0,-6.0,https://www.4for4.com/player/denver-broncos
215,13,19.08,New Orleans Saints,DST,,,,,,,,DST,11.0,109.0,106.0,https://www.4for4.com/player/new-orleans-saints
224,13,19.83,Pittsburgh Steelers,DST,,,,,,,,DST,6.0,87.0,137.0,https://www.4for4.com/player/pittsburgh-steelers
232,13,20.58,Washington Commanders,DST,,,,,,,,DST,14.0,187.0,45.0,https://www.4for4.com/player/washington-commanders
240,14,21.25,Kansas City Chiefs,DST,,,,,,,,DST,10.0,179.0,61.0,https://www.4for4.com/player/kansas-city-chiefs
241,14,21.33,Tampa Bay Buccaneers,DST,,,,,,,,DST,5.0,207.0,34.0,https://www.4for4.com/player/tampa-bay-buccaneers
249,14,22.0,Cincinnati Bengals,DST,,,,,,,,DST,7.0,171.0,78.0,https://www.4for4.com/player/cincinnati-bengals
251,14,22.17,Miami Dolphins,DST,,,,,,,,DST,10.0,117.0,134.0,https://www.4for4.com/player/miami-dolphins
255,14,22.5,Cleveland Browns,DST,,,,,,,,DST,5.0,135.0,120.0,https://www.4for4.com/player/cleveland-browns
277,15,24.67,Atlanta Falcons,DST,,,,,,,,DST,11.0,,,https://www.4for4.com/player/atlanta-falcons
279,15,24.83,Los Angeles Rams,DST,,,,,,,,DST,10.0,225.0,54.0,https://www.4for4.com/player/los-angeles-rams
286,15,25.67,Green Bay Packers,DST,,,,,,,,DST,6.0,155.0,131.0,https://www.4for4.com/player/green-bay-packers
288,15,25.83,Indianapolis Colts,DST,,,,,,,,DST,11.0,285.0,3.0,https://www.4for4.com/player/indianapolis-colts
293,15,26.33,Los Angeles Chargers,DST,,,,,,,,DST,5.0,221.0,72.0,https://www.4for4.com/player/los-angeles-chargers
298,15,26.83,New York Giants,DST,,,,,,,,DST,13.0,228.0,70.0,https://www.4for4.com/player/new-york-giants
311,16,28.42,Minnesota Vikings,DST,,,,,,,,DST,13.0,216.0,95.0,https://www.4for4.com/player/minnesota-vikings
313,16,28.67,Chicago Bears,DST,,,,,,,,DST,13.0,209.0,104.0,https://www.4for4.com/player/chicago-bears
315,16,28.83,Seattle Seahawks,DST,,,,,,,,DST,5.0,202.0,113.0,https://www.4for4.com/player/seattle-seahawks
320,16,29.25,Jacksonville Jaguars,DST,,,,,,,,DST,9.0,229.0,91.0,https://www.4for4.com/player/jacksonville-jaguars
323,17,29.58,Carolina Panthers,DST,,,,,,,,DST,7.0,176.0,147.0,https://www.4for4.com/player/carolina-panthers
331,17,30.67,Detroit Lions,DST,,,,,,,,DST,9.0,204.0,127.0,https://www.4for4.com/player/detroit-lions
336,17,31.33,Tennessee Titans,DST,,,,,,,,DST,7.0,422.0,-86.0,https://www.4for4.com/player/tennessee-titans
